"","Modnames","K","AICc","Delta_AICc","ModelLik","AICcWt","LL","Cum.Wt"
"2","yearly",26,1124.05446399008,0,1,0.999999996051733,-526.910348878157,0.999999996051733
"3","null",12,1162.83476119649,38.7802972064117,3.79284817317003e-09,3.79284815819486e-09,-567.70309488396,0.999999999844581
"4","d_disturb",15,1169.22456350271,45.1700995126271,1.55395170504346e-10,1.55395169890804e-10,-566.885009024081,0.999999999999976
"1","ndvi",15,1186.82322855497,62.7687645648891,2.3438831492558e-14,2.34388314000152e-14,-575.684341550212,1
"5","d_neighbour",6,1254.56499698469,130.510532994613,4.57085921615028e-29,4.57085919810331e-29,-620.849508801625,1
