"","Modnames","K","AICc","Delta_AICc","ModelLik","AICcWt","LL","Cum.Wt"
"1","ndvi",15,1748.22622921598,0,1,0.962058789364337,-856.255971750848,0.962058789364337
"3","null",12,1754.73978955489,6.51356033891102,0.0385122013599758,0.0370510018161339,-863.576791329171,0.99910979118047
"4","d_disturb",15,1762.26971729332,14.0434880773362,0.00089226798519841,0.000858414257628538,-863.277715789516,0.999968205438099
"2","yearly",26,1769.25383198253,21.0276027665457,2.71590187812705e-05,2.61285727290324e-05,-849.0104776351,0.999994334010828
"5","d_neighbour",6,1772.31092791407,24.0846986980905,5.88944172075476e-06,5.66598917190114e-06,-879.703851053811,1
